Gene,Chr,Start Position,End Position,Variant Classification,Variant Annotation,Variant Type,Reference Allele,Tumor Seq Allele,dbSNP ID,Annotation Transcript,Protein Change,CGA WES alt:ref,CCLE WGS alt:ref,CCLE RNAseq alt:ref,Sanger WES alt:ref,CCLE HC1650 alt:ref,CCLE Raindance alt:ref,ExAC Allelic Fraction,TCGA Hotspot count,Cosmic Hs Cnt
INTS11,1,1249680,1249680,Splice_Site,damaging,SNP,C,T,rs368306350,ENST00000435064.1,NA,NA,NA,NA,,NA,NA,2.501e-05,0,0
VWA1,1,1374508,1374508,Missense_Mutation,other non-conserving,SNP,G,A,NA,ENST00000476993.1,p.G227S,9:9,NA,NA,,NA,NA,8.353e-06,NA,0
PLEKHG5,1,6529139,6529139,Missense_Mutation,other non-conserving,SNP,T,C,NA,ENST00000400915.3,p.M794V,NA,NA,NA,,NA,NA,8.236e-06,0,0
MTOR,1,11270934,11270934,Missense_Mutation,other non-conserving,SNP,T,G,NA,ENST00000361445.4,p.K1197N,90:50,NA,NA,,NA,NA,,NA,0
SPEN,1,16257043,16257043,Silent,silent,SNP,G,A,NA,ENST00000375759.3,p.L1436L,183:83,NA,NA,,NA,NA,8.236e-06,NA,0
ZBTB17,1,16269908,16269908,Missense_Mutation,other non-conserving,SNP,C,A,NA,ENST00000375743.4,p.E561D,68:29,NA,NA,,NA,NA,8.239e-06,NA,0
FUCA1,1,24175233,24175233,Missense_Mutation,other non-conserving,SNP,G,T,NA,ENST00000374479.3,p.L356I,135:59,NA,NA,,NA,NA,,NA,0
COL16A1,1,32122042,32122042,Missense_Mutation,other non-conserving,SNP,G,C,NA,ENST00000373672.3,p.P1354A,12:21,NA,NA,,NA,NA,8.275e-06,NA,0
STK40,1,36809474,36809474,Missense_Mutation,other non-conserving,SNP,T,C,NA,ENST00000373129.3,p.I331V,29:17,NA,NA,,NA,NA,,NA,0
MACF1,1,39851328,39851328,Silent,silent,SNP,C,T,rs140996874,ENST00000372915.3,p.L4696L,86:44,NA,NA,,NA,NA,4.942e-05,NA,0
NRDC,1,52289399,52289399,Silent,silent,SNP,A,G,NA,ENST00000354831.7,p.L434L,251:238,NA,NA,,NA,NA,1.647e-05,NA,0
ZYG11B,1,53279305,53279305,Missense_Mutation,other non-conserving,SNP,T,C,NA,ENST00000294353.6,p.V598A,28:224,NA,NA,,NA,NA,,NA,0
MROH7,1,55118753,55118753,Missense_Mutation,other non-conserving,SNP,A,G,rs374996813,ENST00000421030.2,p.S52G,141:66,NA,NA,,NA,NA,8.273e-06,NA,0
MROH7,1,55172144,55172144,Missense_Mutation,other non-conserving,SNP,A,G,rs373580045,ENST00000421030.2,p.S1201G,221:111,NA,NA,,NA,NA,1.654e-05,NA,0
COL24A1,1,86591673,86591673,Silent,silent,SNP,G,T,NA,ENST00000370571.2,p.R116R,65:117,NA,NA,,NA,NA,,NA,0
BARHL2,1,91182493,91182493,Missense_Mutation,other non-conserving,SNP,T,G,NA,ENST00000370445.4,p.H87P,13:69,NA,NA,,NA,NA,,NA,0
AGL,1,100327117,100327117,Silent,silent,SNP,T,C,NA,ENST00000294724.4,p.Y47Y,78:114,NA,NA,,NA,NA,,NA,0
S1PR1,1,101705564,101705564,Silent,silent,SNP,C,A,NA,ENST00000305352.6,p.R342R,325:184,NA,NA,,NA,NA,,NA,0
AMPD1,1,115221131,115221131,Missense_Mutation,other non-conserving,SNP,A,C,NA,ENST00000369538.3,p.H334Q,109:46,NA,NA,,NA,NA,,NA,0
AMPD1,1,115238151,115238152,Frame_Shift_Ins,damaging,INS,-,G,NA,ENST00000369538.3,p.H14fs,190:448,NA,NA,,NA,NA,,NA,0
BNIPL,1,151011442,151011442,Missense_Mutation,other non-conserving,SNP,G,A,rs587607488,ENST00000368931.3,p.E125K,36:230,NA,NA,,NA,NA,2.471e-05,5,0
PSMD4,1,151238835,151238835,Missense_Mutation,other non-conserving,SNP,G,A,NA,ENST00000368884.3,p.R272H,106:595,NA,NA,,NA,NA,2.471e-05,NA,0
RPTN,1,152128464,152128464,Missense_Mutation,other non-conserving,SNP,T,C,rs200041751,ENST00000316073.3,p.N371D,425:2642,NA,NA,,NA,NA,,NA,0
RPTN,1,152128468,152128468,Silent,silent,SNP,T,C,rs563014612,ENST00000316073.3,p.Q369Q,345:2618,NA,NA,,NA,NA,,NA,0
RPTN,1,152129388,152129388,Missense_Mutation,other non-conserving,SNP,G,T,NA,ENST00000316073.3,p.Q63K,84:420,NA,NA,,NA,NA,,NA,0
FLG,1,152275474,152275474,Missense_Mutation,other non-conserving,SNP,G,T,NA,ENST00000368799.1,p.T3963N,181:308,NA,NA,,NA,NA,,NA,0
FLG2,1,152327855,152327855,Missense_Mutation,other non-conserving,SNP,G,T,NA,ENST00000388718.5,p.Q803K,293:1760,NA,NA,,NA,NA,,NA,0
LCE2C,1,152648599,152648599,Frame_Shift_Del,damaging,DEL,C,-,rs373855134,ENST00000368783.1,p.C36fs,263:262,NA,NA,,NA,NA,,NA,0
LCE2A,1,152671443,152671443,Silent,silent,SNP,C,G,NA,ENST00000368779.1,p.P22P,147:433,NA,NA,,NA,NA,,NA,0
LCE1C,1,152777786,152777786,Missense_Mutation,other non-conserving,SNP,C,G,NA,ENST00000607093.1,p.G57R,NA,NA,NA,,NA,NA,,0,0
RPS27,1,153963623,153963623,Missense_Mutation,other non-conserving,SNP,A,C,NA,ENST00000368567.4,p.E13D,81:130,NA,NA,,NA,NA,,NA,0
NUP210L,1,154112413,154112413,Silent,silent,SNP,G,A,NA,ENST00000368559.3,p.S194S,567:590,NA,NA,,NA,NA,8.28e-06,NA,0
UBAP2L,1,154223743,154223743,Silent,silent,SNP,G,A,rs373214798,ENST00000361546.2,p.P480P,215:239,NA,NA,,NA,NA,1.647e-05,NA,0
BCAN,1,156616602,156616602,Missense_Mutation,other non-conserving,SNP,C,G,rs187489227,ENST00000329117.5,p.A34G,13:56,NA,NA,,NA,NA,,NA,0
OR10K1,1,158435775,158435775,Missense_Mutation,other non-conserving,SNP,A,T,NA,ENST00000289451.2,p.M142L,162:316,NA,NA,,NA,NA,,NA,0
OR10K1,1,158435777,158435777,Missense_Mutation,other non-conserving,SNP,G,T,NA,ENST00000289451.2,p.M142I,161:313,NA,NA,,NA,NA,,NA,0
ARHGAP30,1,161018738,161018738,Silent,silent,SNP,A,G,rs377524162,ENST00000368013.3,p.D691D,179:356,NA,NA,,NA,NA,,NA,0
FCGR3A,1,161518362,161518362,Missense_Mutation,other non-conserving,SNP,A,C,NA,ENST00000436743.1,p.N56K,114:773,NA,NA,,NA,NA,,NA,0
ADCY10,1,167852757,167852757,Missense_Mutation,other non-conserving,SNP,G,A,NA,ENST00000367851.4,p.A313V,248:377,NA,NA,,NA,NA,8.236e-06,NA,0
DPT,1,168698188,168698188,Silent,silent,SNP,G,A,NA,ENST00000367817.3,p.Y75Y,119:184,NA,NA,,NA,NA,3.295e-05,NA,0
DHX9,1,182852750,182852750,Silent,silent,SNP,G,A,NA,ENST00000367549.3,p.Q1080Q,385:198,NA,NA,,NA,NA,8.278e-06,NA,0
NMNAT2,1,183255877,183255877,Missense_Mutation,other non-conserving,SNP,G,T,NA,ENST00000287713.6,p.T123K,23:58,NA,NA,,NA,NA,,NA,0
HMCN1,1,185992175,185992175,Missense_Mutation,other non-conserving,SNP,G,T,NA,ENST00000271588.4,p.G1880V,31:218,NA,NA,,NA,NA,,NA,0
BRINP3,1,190068145,190068145,Missense_Mutation,other non-conserving,SNP,C,A,NA,ENST00000367462.3,p.C435F,88:39,NA,NA,,NA,NA,,NA,0
CDC73,1,193119445,193119445,Silent,silent,SNP,G,A,rs10921320,ENST00000367435.3,p.L280L,58:107,NA,NA,,NA,NA,2.471e-05,NA,0
PLXNA2,1,208252697,208252697,Missense_Mutation,other non-conserving,SNP,A,C,NA,ENST00000367033.3,p.C832G,11:37,NA,NA,,NA,NA,,NA,2
USH2A,1,216251434,216251434,Missense_Mutation,other non-conserving,SNP,G,T,NA,ENST00000307340.3,p.Q1857K,194:218,NA,NA,,NA,NA,,NA,0
MRPL55,1,228295383,228295383,Missense_Mutation,other non-conserving,SNP,G,A,rs145472694,ENST00000411464.2,p.R72W,35:43,NA,NA,,NA,NA,2.472e-05,NA,0
NLRP3,1,247607382,247607382,Missense_Mutation,other non-conserving,SNP,C,A,NA,ENST00000336119.3,p.D926E,124:117,NA,NA,,NA,NA,,NA,0
OR11L1,1,248004853,248004853,Missense_Mutation,other non-conserving,SNP,C,A,NA,ENST00000355784.2,p.A116S,27:45,NA,NA,,NA,NA,,NA,0
OR2T6,1,248550939,248550939,Missense_Mutation,other non-conserving,SNP,A,T,NA,ENST00000355728.2,p.R10S,127:109,NA,NA,,NA,NA,,NA,0
DIP2C,10,323394,323394,Silent,silent,SNP,G,A,rs528628739,ENST00000280886.6,p.V1514V,70:0,NA,NA,,NA,NA,4.118e-05,NA,0
DIP2C,10,445131,445131,Missense_Mutation,other non-conserving,SNP,G,A,NA,ENST00000280886.6,p.P393L,23:25,NA,NA,,NA,NA,8.236e-06,NA,0
ARMC3,10,23321949,23321949,Silent,silent,SNP,C,T,NA,ENST00000298032.5,p.F802F,118:1,NA,NA,,NA,NA,,NA,0
ZEB1,10,31810633,31810633,Silent,silent,SNP,A,G,NA,ENST00000320985.10,p.V790V,120:1,NA,NA,,NA,NA,1.647e-05,NA,0
RET,10,43623657,43623657,Silent,silent,SNP,A,G,NA,ENST00000355710.3,p.V1095V,272:138,NA,NA,,NA,NA,,NA,0
LRRC18,10,50121776,50121776,Missense_Mutation,other non-conserving,SNP,G,A,NA,ENST00000374160.3,p.A142V,17:30,NA,NA,,NA,NA,1.647e-05,NA,0
UBE2D1,10,60127723,60127724,Frame_Shift_Ins,damaging,INS,-,GATG,NA,ENST00000373910.4,p.-116fs,NA,NA,NA,,NA,NA,,0,0
CTNNA3,10,68526133,68526133,Silent,silent,SNP,C,A,NA,ENST00000433211.2,p.L390L,170:118,NA,NA,,NA,NA,,NA,0
CTNNA3,10,68526134,68526134,Missense_Mutation,other non-conserving,SNP,A,G,NA,ENST00000433211.2,p.L390P,171:115,NA,NA,,NA,NA,,NA,0
DLG5,10,79581397,79581397,Missense_Mutation,other non-conserving,SNP,T,G,NA,ENST00000372391.2,p.K949Q,13:70,NA,NA,,NA,NA,,NA,0
POLR3A,10,79764597,79764597,Silent,silent,SNP,T,A,NA,ENST00000372371.3,p.G708G,61:116,NA,NA,,NA,NA,,NA,0
CDHR1,10,85968619,85968619,Silent,silent,SNP,C,G,NA,ENST00000372117.3,p.S434S,44:20,NA,NA,,NA,NA,,NA,0
PAPSS2,10,89504977,89504977,Silent,silent,SNP,T,C,NA,ENST00000361175.4,p.Y565Y,21:57,NA,NA,,NA,NA,,NA,0
BLNK,10,97987278,97987278,Missense_Mutation,other non-conserving,SNP,C,T,NA,ENST00000224337.5,p.M83I,159:89,NA,NA,,NA,NA,1.647e-05,NA,0
LOXL4,10,100022609,100022609,Silent,silent,SNP,G,A,rs147795690,ENST00000260702.3,p.T56T,62:33,NA,NA,,NA,NA,1.647e-05,NA,0
INPP5F,10,121565930,121565930,Missense_Mutation,other non-conserving,SNP,G,T,NA,ENST00000361976.2,p.D460Y,36:106,NA,NA,,NA,NA,,NA,0
INPP5F,10,121586939,121586939,Missense_Mutation,other non-conserving,SNP,G,T,rs150134182,ENST00000361976.2,p.V1016F,100:231,NA,NA,,NA,NA,,NA,0
CEND1,11,788466,788466,Silent,silent,SNP,G,C,rs138253099,ENST00000330106.4,p.T37T,93:0,NA,NA,,NA,NA,2.475e-05,NA,0
MUC5B,11,1255506,1255506,Silent,silent,SNP,C,A,NA,ENST00000529681.1,p.R817R,7:9,NA,NA,,NA,NA,,NA,0
MUC5B,11,1258371,1258371,Missense_Mutation,other non-conserving,SNP,A,C,NA,ENST00000529681.1,p.T1092P,6:29,NA,NA,,NA,NA,,NA,0
MUC5B,11,1262851,1262851,Missense_Mutation,other non-conserving,SNP,C,A,NA,ENST00000529681.1,p.Q1581K,35:27,NA,NA,,NA,NA,,NA,0
OR52R1,11,4825036,4825036,Missense_Mutation,other non-conserving,SNP,C,A,NA,ENST00000356069.2,p.C192F,65:148,NA,NA,,NA,NA,8.236e-06,NA,0
NAV2,11,20077383,20077383,Missense_Mutation,other non-conserving,SNP,A,T,NA,ENST00000360655.4,p.N1507Y,79:199,NA,NA,,NA,NA,,NA,0
NAV2,11,20077407,20077407,Missense_Mutation,other non-conserving,SNP,T,A,NA,ENST00000360655.4,p.Y1515N,78:185,NA,NA,,NA,NA,,NA,0
SLC6A5,11,20628581,20628581,Missense_Mutation,other non-conserving,SNP,G,T,NA,ENST00000525748.1,p.M236I,26:98,NA,NA,,NA,NA,,NA,0
LGR4,11,27389499,27389499,Missense_Mutation,other non-conserving,SNP,T,A,NA,ENST00000379214.4,p.Q924L,224:139,NA,NA,,NA,NA,,NA,0
RAG1,11,36595309,36595309,Missense_Mutation,other non-conserving,SNP,C,T,NA,ENST00000299440.5,p.P152L,43:116,NA,NA,,NA,NA,8.236e-06,3,0
CKAP5,11,46797908,46797908,Missense_Mutation,other non-conserving,SNP,G,A,NA,ENST00000529230.1,p.A963V,42:88,NA,NA,,NA,NA,1.647e-05,NA,1
LRP4,11,46918515,46918515,Missense_Mutation,other non-conserving,SNP,C,A,NA,ENST00000378623.1,p.R276L,62:105,NA,NA,,NA,NA,,NA,0
OR4S1,11,48328187,48328187,Missense_Mutation,other non-conserving,SNP,A,G,NA,ENST00000319988.1,p.K138R,111:68,NA,NA,,NA,NA,,NA,0
ZP1,11,60637114,60637114,Silent,silent,SNP,C,A,rs370821277,ENST00000278853.5,p.S141S,27:117,NA,NA,,NA,NA,,NA,0
DAGLA,11,61511957,61511957,Missense_Mutation,other non-conserving,SNP,G,T,NA,ENST00000257215.5,p.R1042L,77:28,NA,NA,,NA,NA,,NA,0
B3GAT3,11,62384529,62384529,Missense_Mutation,other non-conserving,SNP,G,C,NA,ENST00000265471.5,p.P183R,NA,NA,NA,,NA,NA,4.118e-05,0,0
TAF6L,11,62543380,62543380,Missense_Mutation,other non-conserving,SNP,A,G,NA,ENST00000294168.3,p.Y42C,15:78,NA,NA,,NA,NA,,NA,0
SLC22A6,11,62747382,62747382,Missense_Mutation,other non-conserving,SNP,T,A,NA,ENST00000360421.4,p.D359V,57:191,NA,NA,,NA,NA,,NA,0
NAALADL1,11,64812777,64812777,Missense_Mutation,other non-conserving,SNP,G,T,rs200427688,ENST00000358658.3,p.A730E,NA,NA,NA,,NA,NA,1.648e-05,0,0
IGHMBP2,11,68682342,68682342,Silent,silent,SNP,C,T,NA,ENST00000255078.3,p.L255L,NA,NA,NA,,NA,NA,,0,0
NADSYN1,11,71195452,71195452,Missense_Mutation,other non-conserving,SNP,G,A,NA,ENST00000319023.2,p.G472R,38:59,NA,NA,,NA,NA,,NA,0
TENM4,11,78525406,78525406,Silent,silent,SNP,G,T,NA,ENST00000278550.7,p.G572G,NA,NA,NA,,NA,NA,,0,0
DIXDC1,11,111844932,111844932,Missense_Mutation,other non-conserving,SNP,C,G,NA,ENST00000529225.1,p.H167D,97:88,NA,NA,,NA,NA,,NA,0
CEP164,11,117253631,117253631,Missense_Mutation,other non-conserving,SNP,G,C,NA,ENST00000278935.3,p.S566T,8:32,NA,NA,,NA,NA,,NA,0
CACNA2D4,12,1910267,1910267,Missense_Mutation,other non-conserving,SNP,T,G,rs374605537,ENST00000382722.5,p.Y937S,73:0,NA,NA,,NA,NA,1.649e-05,NA,0
FGF23,12,4479799,4479799,Missense_Mutation,other non-conserving,SNP,G,T,NA,ENST00000237837.1,p.Q156K,217:2,NA,NA,,NA,NA,,NA,0
SCNN1A,12,6457307,6457307,Frame_Shift_Del,damaging,DEL,A,-,NA,ENST00000228916.2,p.F581fs,NA,NA,NA,,NA,NA,,0,0
ACSM4,12,7459192,7459192,Missense_Mutation,other non-conserving,SNP,T,C,rs369903607,ENST00000399422.4,p.W89R,NA,NA,NA,,NA,NA,1.652e-05,0,0
GDF3,12,7843042,7843042,Missense_Mutation,other non-conserving,SNP,T,G,NA,ENST00000329913.3,p.Q176P,246:1,NA,NA,,NA,NA,,NA,0
KLHL42,12,27933532,27933532,Missense_Mutation,other non-conserving,SNP,T,G,NA,ENST00000381271.2,p.V90G,21:125,NA,NA,,NA,NA,,NA,0
CAPRIN2,12,30877342,30877342,Missense_Mutation,other non-conserving,SNP,G,A,rs149058528,ENST00000395805.2,p.T650M,392:263,NA,NA,,NA,NA,3.295e-05,NA,0
ALG10B,12,38710815,38710815,Missense_Mutation,other non-conserving,SNP,C,A,rs368700098,ENST00000308742.4,p.F40L,153:467,NA,NA,,NA,NA,3.295e-05,NA,0
LRRK2,12,40707849,40707849,Missense_Mutation,other non-conserving,SNP,C,T,rs150620977,ENST00000298910.7,p.R1538C,65:254,NA,NA,,NA,NA,4.942e-05,NA,0
KRT83,12,52710755,52710755,Missense_Mutation,other non-conserving,SNP,A,G,rs372371126,ENST00000293670.3,p.L268P,280:98,NA,NA,,NA,NA,4.118e-05,NA,0
KRT84,12,52779264,52779264,Missense_Mutation,other non-conserving,SNP,C,A,rs374264728,ENST00000257951.3,p.V36F,308:114,NA,NA,,NA,NA,3.295e-05,NA,0
KRT73,12,53004487,53004487,Missense_Mutation,other non-conserving,SNP,G,A,rs373238762,ENST00000305748.3,p.R415C,169:57,NA,NA,,NA,NA,4.942e-05,NA,0
KRT78,12,53242576,53242577,Frame_Shift_Ins,damaging,INS,-,C,NA,ENST00000304620.4,p.C47fs,NA,NA,NA,,NA,NA,8.237e-06,0,0
DCD,12,55039457,55039457,Silent,silent,SNP,A,G,NA,ENST00000293371.6,p.N44N,158:63,NA,NA,,NA,NA,,NA,0
MYL6B,12,56551483,56551483,Splice_Site,damaging,SNP,C,T,NA,ENST00000553066.1,p.A200A,125:59,NA,NA,,NA,NA,,NA,0
CCT2,12,69985855,69985855,Silent,silent,SNP,A,G,NA,ENST00000299300.6,p.K222K,305:102,NA,NA,,NA,NA,2.471e-05,NA,0
TRHDE,12,72666894,72666894,Silent,silent,SNP,T,G,NA,ENST00000261180.4,p.G112G,7:21,NA,NA,,NA,NA,,NA,0
TMTC2,12,83251171,83251171,Missense_Mutation,other non-conserving,SNP,A,G,NA,ENST00000321196.3,p.I156V,95:30,NA,NA,,NA,NA,8.236e-06,NA,0
TMCC3,12,94975541,94975541,Missense_Mutation,other non-conserving,SNP,C,G,NA,ENST00000261226.4,p.Q284H,189:57,NA,NA,,NA,NA,,NA,0
GAS2L3,12,100995435,100995435,Missense_Mutation,other non-conserving,SNP,A,T,NA,ENST00000539410.1,p.E69D,NA,NA,NA,,NA,NA,,0,0
POLR3B,12,106763399,106763399,Silent,silent,SNP,A,G,rs372178891,ENST00000228347.4,p.T114T,67:234,NA,NA,,NA,NA,8.236e-06,NA,0
POLR3B,12,106824232,106824232,Missense_Mutation,other non-conserving,SNP,C,T,NA,ENST00000228347.4,p.S482L,94:296,NA,NA,,NA,NA,2.471e-05,NA,0
PHETA1,12,111801199,111801199,Silent,silent,SNP,G,A,rs140794170,ENST00000547838.2,p.Y11Y,13:43,NA,NA,,NA,NA,3.297e-05,NA,0
NOS1,12,117718638,117718638,Silent,silent,SNP,G,A,NA,ENST00000338101.4,p.D472D,29:73,NA,NA,,NA,NA,8.252e-06,NA,0
HCAR1,12,123214112,123214112,Missense_Mutation,other non-conserving,SNP,C,T,NA,ENST00000436083.2,p.A259T,212:57,NA,NA,,NA,NA,,NA,0
TMEM132D,12,129559227,129559227,Silent,silent,SNP,C,A,rs147484227,ENST00000422113.2,p.S831S,50:151,NA,NA,,NA,NA,,NA,0
IL17D,13,21295937,21295937,Silent,silent,SNP,C,T,rs374009263,ENST00000304920.3,p.G151G,30:84,NA,NA,,NA,NA,4.964e-05,NA,0
CCDC169,13,36801349,36801356,Frame_Shift_Del,damaging,DEL,GGTGAGTC,-,NA,ENST00000503173.1,p.QTHL236fs,NA,NA,NA,,NA,NA,4.053e-05,0,0
LRCH1,13,47255948,47255948,Missense_Mutation,other non-conserving,SNP,G,A,NA,ENST00000389797.3,p.V218I,64:144,NA,NA,,NA,NA,8.237e-06,NA,0
SLITRK5,13,88330012,88330012,Missense_Mutation,other non-conserving,SNP,A,C,NA,ENST00000325089.6,p.H790P,21:152,NA,NA,,NA,NA,,NA,0
FARP1,13,98996103,98996103,Missense_Mutation,other non-conserving,SNP,G,C,NA,ENST00000319562.6,p.D87H,123:256,NA,NA,,NA,NA,1.647e-05,NA,0
DOCK9,13,99535329,99535329,Missense_Mutation,other non-conserving,SNP,T,G,rs142669427,ENST00000376460.1,p.Q842H,243:135,NA,NA,,NA,NA,1.655e-05,NA,0
RPGRIP1,14,21785990,21785990,Silent,silent,SNP,T,G,rs368092579,ENST00000400017.2,p.L429L,NA,NA,NA,,NA,NA,1.655e-05,0,0
MYH7,14,23898176,23898176,Silent,silent,SNP,G,A,rs45508293,ENST00000355349.3,p.F465F,NA,NA,NA,,NA,NA,0.0002553,5,0
NYNRIN,14,24877933,24877933,Missense_Mutation,other non-conserving,SNP,C,A,rs369993635,ENST00000382554.3,p.D311E,158:128,NA,NA,,NA,NA,8.249e-06,NA,0
HEATR5A,14,31774213,31774213,Missense_Mutation,other non-conserving,SNP,C,A,NA,ENST00000543095.2,p.V1713L,503:358,NA,NA,,NA,NA,,NA,0
EGLN3,14,34398408,34398408,Missense_Mutation,other non-conserving,SNP,C,A,NA,ENST00000553215.1,p.G69V,145:108,NA,NA,,NA,NA,,NA,0
NKX2-1,14,36987214,36987214,Missense_Mutation,other non-conserving,SNP,T,C,NA,ENST00000518149.1,p.M129V,37:26,NA,NA,,NA,NA,8.377e-06,NA,0
FRMD6,14,52174858,52174858,Missense_Mutation,other non-conserving,SNP,G,T,NA,ENST00000395718.2,p.Q199H,103:138,NA,NA,,NA,NA,,NA,0
ARID4A,14,58813199,58813199,Silent,silent,SNP,T,G,NA,ENST00000355431.3,p.V350V,85:87,NA,NA,,NA,NA,,NA,0
PRKCH,14,61952255,61952255,Silent,silent,SNP,G,T,NA,ENST00000332981.5,p.G438G,377:315,NA,NA,,NA,NA,,NA,0
PPP1R36,14,65054838,65054838,Missense_Mutation,other non-conserving,SNP,C,T,rs201534789,ENST00000298705.1,p.R303C,213:260,NA,NA,,NA,NA,2.471e-05,NA,0
PLEKHD1,14,69993945,69993945,Missense_Mutation,other non-conserving,SNP,G,T,NA,ENST00000322564.7,p.R366L,NA,NA,NA,,NA,NA,,0,0
SUSD6,14,70175557,70175557,Missense_Mutation,other non-conserving,SNP,G,A,NA,ENST00000342745.4,p.G208R,78:74,NA,NA,,NA,NA,,NA,0
CATSPERB,14,92076839,92076839,Silent,silent,SNP,G,A,NA,ENST00000256343.3,p.L861L,49:187,NA,NA,,NA,NA,,NA,0
SERPINA4,14,95030149,95030149,Silent,silent,SNP,C,G,rs141308668,ENST00000557004.1,p.T110T,59:77,NA,NA,,NA,NA,,NA,0
NPAP1,15,24924053,24924053,Silent,silent,SNP,C,A,rs200967945,ENST00000329468.2,p.T1013T,60:53,NA,NA,,NA,NA,,NA,0
UBE3A,15,25585360,25585360,Silent,silent,SNP,G,A,NA,ENST00000566215.1,p.I770I,80:94,NA,NA,,NA,NA,2.471e-05,NA,0
HERC2,15,28506075,28506075,Silent,silent,SNP,G,A,NA,ENST00000261609.7,p.L722L,36:37,NA,NA,,NA,NA,,NA,0
FAM189A1,15,29415774,29415774,Missense_Mutation,other non-conserving,SNP,C,A,NA,ENST00000261275.4,p.R463L,NA,NA,NA,,NA,NA,,0,0
ZNF770,15,35275208,35275208,Missense_Mutation,other non-conserving,SNP,G,A,NA,ENST00000356321.4,p.P143L,157:113,NA,NA,,NA,NA,8.237e-06,NA,0
SPTBN5,15,42148639,42148639,Missense_Mutation,other non-conserving,SNP,G,A,rs571479448,ENST00000320955.6,p.A2989V,24:24,NA,NA,,NA,NA,3.333e-05,3,1
SPG11,15,44867137,44867137,Missense_Mutation,other non-conserving,SNP,T,C,rs199920965,ENST00000261866.7,p.Y1990C,207:160,NA,NA,,NA,NA,4.942e-05,NA,0
SEMA6D,15,48063346,48063346,Silent,silent,SNP,G,A,NA,ENST00000316364.5,p.K862K,116:113,NA,NA,,NA,NA,2.471e-05,NA,0
ATP8B4,15,50264923,50264923,Nonsense_Mutation,damaging,SNP,G,A,rs199887907,ENST00000284509.6,p.R367*,65:86,NA,NA,,NA,NA,8.237e-06,NA,0
SCG3,15,51991524,51991524,Missense_Mutation,other non-conserving,SNP,G,A,NA,ENST00000220478.3,p.D332N,234:164,NA,NA,,NA,NA,8.237e-06,NA,0
MYZAP,15,57921988,57921988,Missense_Mutation,other non-conserving,SNP,A,G,NA,ENST00000267853.5,p.K205R,51:222,NA,NA,,NA,NA,,NA,0
RNF111,15,59368244,59368244,Missense_Mutation,other non-conserving,SNP,C,T,rs369357869,ENST00000348370.4,p.P593L,135:211,NA,NA,,NA,NA,,NA,0
PLEKHO2,15,65157906,65157907,Frame_Shift_Ins,damaging,INS,-,G,NA,ENST00000323544.4,p.LG431fs,NA,NA,NA,,NA,NA,,0,0
SEMA7A,15,74707180,74707180,Splice_Site,damaging,SNP,T,C,NA,ENST00000261918.4,p.K365R,57:90,NA,NA,,NA,NA,,NA,0
UBE2Q2,15,76146775,76146775,Missense_Mutation,other non-conserving,SNP,C,A,rs373277569,ENST00000267938.4,p.P77T,58:139,NA,NA,,NA,NA,1.647e-05,NA,0
PEAK1,15,77473771,77473771,Silent,silent,SNP,T,C,rs368996836,ENST00000560626.2,p.R166R,239:360,NA,NA,,NA,NA,4.138e-05,NA,0
ST20-AS1,15,80215364,80215364,Silent,silent,SNP,A,C,NA,ENST00000560255.1,p.V83V,31:90,NA,NA,,NA,NA,,NA,0
ADAMTSL3,15,84683402,84683402,Missense_Mutation,other non-conserving,SNP,A,G,NA,ENST00000286744.5,p.N1361S,123:179,NA,NA,,NA,NA,,NA,0
ZSCAN2,15,85163943,85163943,Missense_Mutation,other non-conserving,SNP,G,A,rs373077093,ENST00000538076.1,p.D173N,290:215,NA,NA,,NA,NA,4.118e-05,NA,0
TARS3,15,102194930,102194930,Missense_Mutation,other non-conserving,SNP,A,G,rs370167089,ENST00000335968.3,p.V755A,58:56,NA,NA,,NA,NA,8.236e-06,NA,0
METRN,16,767167,767167,Missense_Mutation,other non-conserving,SNP,C,T,NA,ENST00000568223.2,p.P221L,12:19,NA,NA,,NA,NA,8.311e-06,NA,0
ABCA3,16,2329040,2329040,Missense_Mutation,other non-conserving,SNP,C,T,rs200173380,ENST00000382381.3,p.R1426Q,85:66,NA,NA,,NA,NA,8.237e-06,NA,0
KCTD5,16,2747977,2747977,Missense_Mutation,other non-conserving,SNP,A,T,NA,ENST00000301738.4,p.E144D,64:108,NA,NA,,NA,NA,,NA,0
TNP2,16,11362995,11362995,Missense_Mutation,other non-conserving,SNP,C,T,rs200495915,ENST00000312693.3,p.R42H,NA,NA,NA,,NA,NA,0.0002312,4,0
SLC12A3,16,56936285,56936285,Splice_Site,damaging,SNP,C,A,NA,ENST00000438926.2,p.H916Q,42:159,NA,NA,,NA,NA,,NA,0
TP53,17,7577560,7577560,Missense_Mutation,other non-conserving,SNP,A,C,rs397516437,ENST00000269305.4,p.S241A,64:1,NA,NA,,NA,NA,,7,61
SLC47A1,17,19480787,19480787,Missense_Mutation,other non-conserving,SNP,G,A,rs144621154,ENST00000571335.1,p.R291Q,248:1,NA,NA,,NA,NA,4.118e-05,NA,0
KCNJ12,17,21319128,21319128,Silent,silent,SNP,C,G,rs146165782,ENST00000583088.1,p.A158A,NA,NA,NA,,NA,NA,0.0005107,4,0
EFCAB5,17,28296305,28296305,Silent,silent,SNP,A,G,NA,ENST00000394835.3,p.P229P,NA,NA,NA,,NA,NA,,0,0
AATF,17,35345996,35345996,Missense_Mutation,other non-conserving,SNP,C,G,rs141988516,ENST00000225402.5,p.L376V,116:118,NA,NA,,NA,NA,1.647e-05,NA,0
JUP,17,39925786,39925786,Missense_Mutation,other non-conserving,SNP,C,T,rs149004293,ENST00000393931.3,p.E118K,NA,NA,NA,,NA,NA,3.3e-05,0,0
DHX58,17,40261296,40261296,Missense_Mutation,other non-conserving,SNP,G,A,rs367980454,ENST00000251642.3,p.R224C,55:48,NA,NA,,NA,NA,2.471e-05,NA,0
FAM187A,17,42982150,42982150,Missense_Mutation,other non-conserving,SNP,G,T,NA,ENST00000331733.4,p.R318M,NA,NA,NA,,NA,NA,,0,0
KIF2B,17,51900670,51900670,Silent,silent,SNP,C,T,NA,ENST00000268919.4,p.P92P,257:248,NA,NA,,NA,NA,,NA,0
MMD,17,53471795,53471795,Missense_Mutation,other non-conserving,SNP,G,T,NA,ENST00000262065.3,p.A206D,121:332,NA,NA,,NA,NA,,NA,0
TMEM100,17,53798321,53798321,Silent,silent,SNP,G,C,NA,ENST00000575734.1,p.V37V,163:223,NA,NA,,NA,NA,,NA,0
ACE,17,61558518,61558518,Missense_Mutation,other non-conserving,SNP,A,G,rs141186617,ENST00000290866.4,p.N305S,98:132,NA,NA,,NA,NA,4.942e-05,NA,0
OTOP3,17,72937718,72937718,Missense_Mutation,other non-conserving,SNP,G,T,rs140192320,ENST00000328801.4,p.G102C,82:70,NA,NA,,NA,NA,4.942e-05,NA,1
MGAT5B,17,74934068,74934068,Splice_Site,damaging,SNP,A,T,NA,ENST00000569840.2,NA,61:81,NA,NA,,NA,NA,,NA,0
OGFOD3,17,80350307,80350307,Silent,silent,SNP,G,A,rs141740660,ENST00000313056.5,p.P309P,NA,NA,NA,,NA,NA,3.297e-05,0,0
MYOM1,18,3119873,3119873,Missense_Mutation,other non-conserving,SNP,C,T,rs182398400,ENST00000356443.4,p.V1038I,38:96,NA,NA,,NA,NA,2.481e-05,NA,0
ESCO1,18,19154067,19154067,Silent,silent,SNP,C,A,NA,ENST00000269214.5,p.V246V,396:190,NA,NA,,NA,NA,,NA,0
NPC1,18,21136301,21136301,Missense_Mutation,other non-conserving,SNP,C,T,rs77080672,ENST00000269228.5,p.R411Q,55:93,NA,NA,,NA,NA,,NA,0
DSG3,18,29049272,29049272,Silent,silent,SNP,C,T,NA,ENST00000257189.4,p.A619A,39:135,NA,NA,,NA,NA,,NA,0
TPGS2,18,34387823,34387823,Silent,silent,SNP,A,G,NA,ENST00000590842.1,p.S80S,74:34,NA,NA,,NA,NA,8.236e-06,NA,0
FBXO15,18,71790623,71790623,Missense_Mutation,other non-conserving,SNP,C,T,rs549233857,ENST00000419743.2,p.R373H,147:76,NA,NA,,NA,NA,4.118e-05,5,0
STK11,19,1220715,1220715,Splice_Site,damaging,SNP,C,T,NA,ENST00000326873.7,p.L245F,98:0,NA,NA,,NA,NA,,NA,22
IZUMO4,19,2099019,2099019,Missense_Mutation,other non-conserving,SNP,C,A,NA,ENST00000395301.3,p.T200N,NA,NA,NA,,NA,NA,,0,0
RANBP3,19,5932461,5932461,Splice_Site,damaging,SNP,A,C,NA,ENST00000340578.6,NA,64:122,NA,NA,,NA,NA,,NA,0
FBN3,19,8197982,8197982,Missense_Mutation,other non-conserving,SNP,C,T,NA,ENST00000600128.1,p.E534K,NA,NA,NA,,NA,NA,4.99e-05,0,0
ZNF257,19,22272002,22272002,Nonsense_Mutation,damaging,SNP,G,T,NA,ENST00000594947.1,p.E484*,428:359,NA,NA,,NA,NA,,NA,0
FFAR2,19,35941296,35941296,Missense_Mutation,other non-conserving,SNP,C,T,NA,ENST00000599180.2,p.T227M,67:541,NA,NA,,NA,NA,4.942e-05,3,0
MED29,19,39888128,39888128,Missense_Mutation,other non-conserving,SNP,G,T,rs143502478,ENST00000315588.5,p.C152F,205:2,NA,NA,,NA,NA,8.236e-06,NA,0
ZNF285,19,44890927,44890927,Missense_Mutation,other non-conserving,SNP,T,G,NA,ENST00000330997.4,p.S494R,69:235,NA,NA,,NA,NA,,NA,0
GRWD1,19,48953631,48953631,Missense_Mutation,other non-conserving,SNP,T,G,NA,ENST00000253237.5,p.V177G,14:66,NA,NA,,NA,NA,,NA,0
CPT1C,19,50209528,50209528,Missense_Mutation,other non-conserving,SNP,G,T,NA,ENST00000392518.4,p.A401S,30:0,NA,NA,,NA,NA,,NA,0
ZNF808,19,53056564,53056565,Frame_Shift_Ins,damaging,INS,-,A,NA,ENST00000359798.4,p.IK132fs,NA,NA,NA,,NA,NA,,0,0
ZNF331,19,54081109,54081109,Missense_Mutation,other non-conserving,SNP,C,T,NA,ENST00000253144.9,p.T432M,54:136,NA,NA,,NA,NA,,NA,0
LILRA4,19,54849387,54849387,Missense_Mutation,other non-conserving,SNP,C,T,NA,ENST00000291759.4,p.D159N,102:1,NA,NA,,NA,NA,,NA,0
NLRP7,19,55445107,55445107,Splice_Site,damaging,SNP,C,T,NA,ENST00000588756.1,p.S824S,243:1,NA,NA,,NA,NA,,NA,0
FIZ1,19,56104171,56104171,Missense_Mutation,other non-conserving,SNP,A,C,NA,ENST00000221665.3,p.V379G,9:36,NA,NA,,NA,NA,,NA,0
ZNF530,19,58118682,58118682,Missense_Mutation,other non-conserving,SNP,C,T,NA,ENST00000332854.6,p.H597Y,204:1,NA,NA,,NA,NA,,NA,0
ZNF132,19,58945172,58945172,Missense_Mutation,other non-conserving,SNP,C,T,rs377367439,ENST00000254166.3,p.E547K,187:0,NA,NA,,NA,NA,2.471e-05,NA,0
ZNF132,19,58945973,58945973,Missense_Mutation,other non-conserving,SNP,C,A,NA,ENST00000254166.3,p.G280C,42:345,NA,NA,,NA,NA,,NA,0
TPO,2,1499793,1499793,Missense_Mutation,other non-conserving,SNP,A,G,NA,ENST00000345913.4,p.D680G,28:17,NA,NA,,NA,NA,8.236e-06,NA,0
RNASEH1,2,3599868,3599868,Missense_Mutation,other non-conserving,SNP,T,A,NA,ENST00000315212.3,p.E92V,101:54,NA,NA,,NA,NA,,NA,0
CAD,2,27454437,27454437,Missense_Mutation,other non-conserving,SNP,G,C,NA,ENST00000403525.1,p.V734L,52:36,NA,NA,,NA,NA,,NA,0
GTF3C2,2,27560142,27560142,Missense_Mutation,other non-conserving,SNP,G,A,rs369941156,ENST00000359541.2,p.P366S,33:15,NA,NA,,NA,NA,4.942e-05,NA,0
IFT172,2,27668799,27668799,Silent,silent,SNP,G,C,rs369400518,ENST00000260570.3,p.T1604T,309:193,NA,NA,,NA,NA,4.118e-05,NA,0
IFT172,2,27707946,27707946,Missense_Mutation,other non-conserving,SNP,T,C,NA,ENST00000260570.3,p.T79A,154:82,NA,NA,,NA,NA,4.118e-05,NA,0
SLC4A1AP,2,27916597,27916597,Missense_Mutation,other non-conserving,SNP,T,A,NA,ENST00000326019.6,p.Y773N,39:71,NA,NA,,NA,NA,,NA,0
LTBP1,2,33534537,33534537,Missense_Mutation,other non-conserving,SNP,A,T,NA,ENST00000402934.1,p.Q794L,187:125,NA,NA,,NA,NA,,NA,0
LTBP1,2,33534538,33534538,Missense_Mutation,other non-conserving,SNP,G,T,NA,ENST00000402934.1,p.Q794H,188:122,NA,NA,,NA,NA,,NA,0
ATP6V1B1,2,71189920,71189920,Missense_Mutation,other non-conserving,SNP,A,C,NA,ENST00000234396.4,p.I267L,96:49,NA,NA,,NA,NA,,NA,0
DNAH6,2,84864341,84864341,Missense_Mutation,other non-conserving,SNP,G,C,NA,ENST00000237449.6,p.R1554T,NA,NA,NA,,NA,NA,,0,0
SEMA4C,2,97531403,97531403,Splice_Site,damaging,SNP,G,A,NA,ENST00000305476.5,p.V140V,31:14,NA,NA,,NA,NA,1.647e-05,NA,0
TMEM131,2,98422075,98422075,Missense_Mutation,other non-conserving,SNP,C,A,rs373324249,ENST00000186436.5,p.R716L,300:658,NA,NA,,NA,NA,,NA,2
MITD1,2,99797373,99797373,Missense_Mutation,other non-conserving,SNP,T,G,NA,ENST00000289359.2,p.E24D,145:73,NA,NA,,NA,NA,,NA,0
EIF5B,2,99988134,99988134,Missense_Mutation,other non-conserving,SNP,C,G,rs372481259,ENST00000289371.6,p.T498S,81:49,NA,NA,,NA,NA,2.483e-05,NA,0
CLASP1,2,122125280,122125280,Missense_Mutation,other non-conserving,SNP,G,A,rs200536508,ENST00000409078.3,p.P1190L,131:256,NA,NA,,NA,NA,4.963e-05,NA,0
MAP3K2,2,128066193,128066193,Silent,silent,SNP,A,G,NA,ENST00000409947.1,p.S534S,780:463,NA,NA,,NA,NA,,NA,0
LRP1B,2,141004704,141004704,Missense_Mutation,other non-conserving,SNP,C,A,NA,ENST00000389484.3,p.Q4425H,50:33,NA,NA,,NA,NA,,NA,0
NEB,2,152374887,152374887,Missense_Mutation,other non-conserving,SNP,A,G,NA,ENST00000604864.1,p.I7582T,302:655,NA,NA,,NA,NA,,NA,0
BAZ2B,2,160206527,160206527,Missense_Mutation,other non-conserving,SNP,T,C,NA,ENST00000392783.2,p.N1519D,117:218,NA,NA,,NA,NA,8.266e-06,NA,0
LRP2,2,170131653,170131653,Missense_Mutation,other non-conserving,SNP,G,A,NA,ENST00000443831.1,p.A554V,45:85,NA,NA,,NA,NA,,NA,0
TTN,2,179447748,179447748,Missense_Mutation,other non-conserving,SNP,G,A,rs371856109,ENST00000589042.1,p.R21928W,105:378,NA,NA,,NA,NA,2.484e-05,NA,0
NABP1,2,192543403,192543403,Missense_Mutation,other non-conserving,SNP,A,C,NA,ENST00000425611.2,p.L21F,98:248,NA,NA,,NA,NA,,NA,1
CARF,2,203836457,203836457,Silent,silent,SNP,C,T,rs375401100,ENST00000402905.3,p.L443L,86:27,NA,NA,,NA,NA,4.138e-05,NA,0
ABCA12,2,215813855,215813855,Missense_Mutation,other non-conserving,SNP,C,T,NA,ENST00000272895.7,p.V2291M,67:257,NA,NA,,NA,NA,,NA,0
WDFY1,2,224770709,224770709,Missense_Mutation,other non-conserving,SNP,C,A,rs368619722,ENST00000233055.4,p.V97F,52:19,NA,NA,,NA,NA,,NA,0
IRS1,2,227662522,227662524,In_Frame_Del,other non-conserving,DEL,GGT,-,rs547970146,ENST00000305123.5,p.T311del,46:143,NA,NA,,NA,NA,,NA,0
PASK,2,242080153,242080153,Missense_Mutation,other non-conserving,SNP,G,A,rs148125949,ENST00000358649.4,p.S71F,75:26,NA,NA,,NA,NA,,NA,0
TGM6,20,2413140,2413140,Missense_Mutation,other non-conserving,SNP,C,A,rs150182382,ENST00000202625.2,p.P658T,30:133,NA,NA,,NA,NA,3.296e-05,NA,0
VPS16,20,2841453,2841453,Missense_Mutation,other non-conserving,SNP,C,A,rs145876796,ENST00000380445.3,p.L192I,52:118,NA,NA,,NA,NA,2.471e-05,NA,0
RALGAPA2,20,20486180,20486180,Splice_Site,damaging,SNP,T,C,NA,ENST00000202677.7,NA,NA,NA,NA,,NA,NA,,0,0
PYGB,20,25259089,25259089,Missense_Mutation,other non-conserving,SNP,C,G,NA,ENST00000216962.4,p.F330L,36:84,NA,NA,,NA,NA,,NA,0
CCM2L,20,30617527,30617527,Silent,silent,SNP,G,A,NA,ENST00000262659.8,p.S408S,80:30,NA,NA,,NA,NA,2.471e-05,NA,0
BPIFB2,20,31606124,31606124,Missense_Mutation,other non-conserving,SNP,G,A,NA,ENST00000170150.3,p.V213I,140:75,NA,NA,,NA,NA,,NA,0
EIF6,20,33872278,33872278,Missense_Mutation,other non-conserving,SNP,C,A,NA,ENST00000374450.3,p.A5S,280:170,NA,NA,,NA,NA,,NA,0
NDRG3,20,35315981,35315981,Missense_Mutation,other non-conserving,SNP,C,G,NA,ENST00000349004.1,p.E78D,98:60,NA,NA,,NA,NA,1.647e-05,NA,0
SLC13A3,20,45239190,45239190,Missense_Mutation,other non-conserving,SNP,C,T,NA,ENST00000279027.4,p.A146T,117:260,NA,NA,,NA,NA,1.647e-05,NA,2
B3GALT5,21,41032835,41032835,Missense_Mutation,other non-conserving,SNP,G,A,NA,ENST00000380620.4,p.G117R,128:140,NA,NA,,NA,NA,,NA,0
DSCAM,21,41684190,41684190,Missense_Mutation,other non-conserving,SNP,G,A,rs565609019,ENST00000400454.1,p.T627M,NA,NA,NA,,NA,NA,0.0001821,3,0
DGCR2,22,19044541,19044541,Missense_Mutation,other non-conserving,SNP,C,T,rs138823671,ENST00000263196.7,p.A254T,NA,NA,NA,,NA,NA,,0,0
PI4KA,22,21098988,21098988,Silent,silent,SNP,G,A,NA,ENST00000255882.6,p.R1128R,50:157,NA,NA,,NA,NA,,NA,0
C22orf15,22,24106330,24106330,Silent,silent,SNP,C,T,NA,ENST00000402217.3,p.L28L,NA,NA,NA,,NA,NA,,0,0
SUSD2,22,24584022,24584022,Missense_Mutation,other non-conserving,SNP,G,A,rs376889975,ENST00000358321.3,p.G754S,111:112,NA,NA,,NA,NA,3.297e-05,NA,0
RFPL1,22,29834960,29834960,Silent,silent,SNP,C,T,NA,ENST00000354373.2,p.C60C,37:159,NA,NA,,NA,NA,,NA,0
CDC42EP1,22,37964735,37964735,Nonsense_Mutation,damaging,SNP,C,T,rs541648111,ENST00000249014.4,p.Q362*,15:22,NA,NA,,NA,NA,8.483e-06,NA,0
TRIOBP,22,38121541,38121541,Missense_Mutation,other non-conserving,SNP,C,T,rs540268047,ENST00000406386.3,p.S993L,193:146,NA,NA,,NA,NA,1.652e-05,NA,0
GTSE1,22,46722533,46722533,Missense_Mutation,other non-conserving,SNP,G,T,rs200685863,ENST00000454366.1,p.R569L,50:48,NA,NA,,NA,NA,,NA,0
MIOX,22,50927503,50927503,Missense_Mutation,other non-conserving,SNP,G,A,rs149650098,ENST00000216075.6,p.C148Y,41:27,NA,NA,,NA,NA,4.944e-05,NA,0
RBMS3,3,29476392,29476392,Silent,silent,SNP,C,A,rs369133683,ENST00000452462.1,p.I78I,47:170,NA,NA,,NA,NA,,NA,0
CCR8,3,39373851,39373851,Missense_Mutation,other non-conserving,SNP,C,T,NA,ENST00000326306.4,p.T10I,271:1,NA,NA,,NA,NA,,NA,0
MAP4,3,47951235,47951235,Missense_Mutation,other non-conserving,SNP,G,A,NA,ENST00000426837.2,p.A1576V,815:4,NA,NA,,NA,NA,8.267e-06,NA,0
CELSR3,3,48700025,48700025,Missense_Mutation,other non-conserving,SNP,A,C,NA,ENST00000164024.4,p.S15A,6:21,NA,NA,,NA,NA,,NA,0
STAB1,3,52537385,52537385,Silent,silent,SNP,C,A,NA,ENST00000321725.6,p.P240P,40:0,NA,NA,,NA,NA,,NA,0
MAGI1,3,65433719,65433719,Silent,silent,SNP,G,T,NA,ENST00000497477.2,p.T352T,264:0,NA,NA,,NA,NA,8.236e-06,NA,2
RIOX2,3,97677917,97677917,Missense_Mutation,other non-conserving,SNP,G,A,NA,ENST00000333396.7,p.P220L,34:81,NA,NA,,NA,NA,3.295e-05,NA,0
OR5K3,3,98110145,98110145,Silent,silent,SNP,C,A,rs145781915,ENST00000383695.1,p.V212V,81:197,NA,NA,,NA,NA,,NA,0
CBLB,3,105438900,105438900,Missense_Mutation,other non-conserving,SNP,G,C,rs56009631,ENST00000264122.4,p.N466K,21:91,NA,NA,,NA,NA,,NA,0
MYH15,3,108133265,108133265,Missense_Mutation,other non-conserving,SNP,G,A,NA,ENST00000273353.3,p.A1340V,16:47,NA,NA,,NA,NA,,NA,0
B4GALT4,3,118935155,118935155,Silent,silent,SNP,C,A,NA,ENST00000483209.1,p.L278L,100:57,NA,NA,,NA,NA,,NA,0
ARHGAP31,3,119134015,119134015,Missense_Mutation,other non-conserving,SNP,C,T,NA,ENST00000264245.4,p.S1080L,292:142,NA,NA,,NA,NA,8.259e-06,NA,0
PARP14,3,122427073,122427073,Missense_Mutation,other non-conserving,SNP,A,T,NA,ENST00000474629.2,p.N1193Y,74:45,NA,NA,,NA,NA,,NA,0
AADACL2,3,151458564,151458564,Missense_Mutation,other non-conserving,SNP,C,T,NA,ENST00000356517.3,p.P90L,169:87,NA,NA,,NA,NA,,NA,0
SI,3,164780197,164780197,Missense_Mutation,other non-conserving,SNP,C,T,NA,ENST00000264382.3,p.G328R,48:146,NA,NA,,NA,NA,8.238e-06,NA,0
ZBBX,3,167068281,167068283,In_Frame_Del,other non-conserving,DEL,TCT,-,rs370108469,ENST00000455345.2,p.E151del,343:148,NA,NA,,NA,NA,,10,0
KCNMB2,3,178560626,178560626,Silent,silent,SNP,A,G,NA,ENST00000432997.1,p.P203P,107:43,NA,NA,,NA,NA,,NA,0
ETV5,3,185823130,185823130,Missense_Mutation,other non-conserving,SNP,C,A,NA,ENST00000306376.5,p.D66Y,73:268,NA,NA,,NA,NA,,NA,0
RTP1,3,186915363,186915363,Silent,silent,SNP,C,A,rs374423123,ENST00000312295.4,p.S20S,50:179,NA,NA,,NA,NA,,3,0
MUC4,3,195509067,195509067,Silent,silent,SNP,T,G,NA,ENST00000463781.3,p.S3128S,NA,NA,NA,,NA,NA,,0,0
MUC4,3,195511302,195511302,Silent,silent,SNP,G,T,rs576173355,ENST00000463781.3,p.T2383T,NA,NA,NA,,NA,NA,,0,0
TNK2,3,195609081,195609081,Missense_Mutation,other non-conserving,SNP,A,G,rs375858242,ENST00000333602.6,p.L243P,133:41,NA,NA,,NA,NA,8.236e-06,NA,0
SLC26A1,4,985338,985338,Missense_Mutation,other non-conserving,SNP,C,G,rs147553032,ENST00000361661.2,p.D52H,NA,NA,NA,,NA,NA,4.155e-05,0,0
POLN,4,2087339,2087339,Splice_Site,damaging,SNP,C,A,NA,ENST00000511885.2,NA,236:1,NA,NA,,NA,NA,,NA,0
WFS1,4,6290723,6290723,Missense_Mutation,other non-conserving,SNP,C,T,rs112871383,ENST00000226760.1,p.H109Y,NA,NA,NA,,NA,NA,4.127e-05,0,0
AASDH,4,57204791,57204791,Missense_Mutation,other non-conserving,SNP,A,G,NA,ENST00000205214.6,p.F1025S,129:0,NA,NA,,NA,NA,,NA,0
ADGRL3,4,62933897,62933897,Missense_Mutation,other non-conserving,SNP,G,T,NA,ENST00000512091.2,p.E1208D,NA,NA,NA,,NA,NA,,0,0
UTP3,4,71555579,71555579,Silent,silent,SNP,T,C,NA,ENST00000254803.2,p.N395N,323:0,NA,NA,,NA,NA,,NA,0
QRFPR,4,122250504,122250504,Silent,silent,SNP,G,A,NA,ENST00000394427.2,p.L421L,194:0,NA,NA,,NA,NA,,NA,0
ADAM29,4,175897167,175897167,Missense_Mutation,other non-conserving,SNP,C,G,NA,ENST00000359240.3,p.S164C,145:0,NA,NA,,NA,NA,,NA,0
TENM3,4,183674751,183674751,Silent,silent,SNP,C,A,NA,ENST00000511685.1,p.I1337I,381:1,NA,NA,,NA,NA,,NA,0
STOX2,4,184931827,184931827,Silent,silent,SNP,G,C,rs112656689,ENST00000308497.4,p.T612T,229:1,NA,NA,,NA,NA,2.482e-05,NA,2
MTNR1A,4,187455431,187455431,Silent,silent,SNP,C,T,NA,ENST00000307161.5,p.T155T,82:0,NA,NA,,NA,NA,4.118e-05,NA,0
AHRR,5,427981,427981,Silent,silent,SNP,A,T,NA,ENST00000316418.5,p.S278S,166:221,NA,NA,,NA,NA,8.277e-06,NA,0
SLC6A18,5,1225663,1225663,Missense_Mutation,other non-conserving,SNP,A,G,rs373536041,ENST00000324642.3,p.K24R,84:140,NA,NA,,NA,NA,8.237e-06,NA,0
SEMA5A,5,9122790,9122790,Missense_Mutation,other non-conserving,SNP,T,C,rs145902898,ENST00000382496.5,p.M587V,173:206,NA,NA,,NA,NA,3.295e-05,NA,0
SEMA5A,5,9154668,9154668,Silent,silent,SNP,C,A,NA,ENST00000382496.5,p.L471L,383:389,NA,NA,,NA,NA,,NA,0
TAS2R1,5,9630215,9630215,De_novo_Start_OutOfFrame,damaging,SNP,C,T,rs183213217,ENST00000382492.2,NA,NA,NA,NA,,NA,NA,,0,0
FBXL7,5,15937081,15937081,Missense_Mutation,other non-conserving,SNP,A,T,NA,ENST00000504595.1,p.E421V,79:557,NA,NA,,NA,NA,,NA,0
PDZD2,5,32089656,32089656,Silent,silent,SNP,G,A,rs139582081,ENST00000438447.1,p.G2034G,563:631,NA,NA,,NA,NA,1.647e-05,NA,0
SLC45A2,5,33944929,33944929,Missense_Mutation,other non-conserving,SNP,C,T,NA,ENST00000296589.4,p.G473S,46:103,NA,NA,,NA,NA,,NA,0
HCN1,5,45262356,45262356,Silent,silent,SNP,G,T,NA,ENST00000303230.4,p.T780T,53:83,NA,NA,,NA,NA,,NA,0
ARSB,5,78264935,78264935,Missense_Mutation,other non-conserving,SNP,C,A,rs139174369,ENST00000264914.4,p.Q131H,154:288,NA,NA,,NA,NA,2.471e-05,NA,0
DMXL1,5,118506749,118506749,Missense_Mutation,other non-conserving,SNP,G,T,NA,ENST00000311085.8,p.G2088V,131:96,NA,NA,,NA,NA,,NA,1
FBN2,5,127611755,127611755,Silent,silent,SNP,C,T,rs375141964,ENST00000508053.1,p.L2523L,78:193,NA,NA,,NA,NA,3.295e-05,NA,0
RAPGEF6,5,130797733,130797733,Missense_Mutation,other non-conserving,SNP,T,A,NA,ENST00000507093.1,p.E843D,66:120,NA,NA,,NA,NA,,NA,0
RAD50,5,131944392,131944392,Missense_Mutation,other non-conserving,SNP,C,T,NA,ENST00000265335.6,p.T935I,15:35,NA,NA,,NA,NA,,NA,0
PCDHA11,5,140250281,140250281,Silent,silent,SNP,G,A,rs377050637,ENST00000398640.2,p.Q531Q,NA,NA,NA,,NA,NA,2.476e-05,0,0
PCDHB5,5,140515289,140515289,Missense_Mutation,other non-conserving,SNP,C,G,NA,ENST00000231134.5,p.D91E,91:179,NA,NA,,NA,NA,,NA,0
SPINK13,5,147661667,147661667,Splice_Site,damaging,SNP,C,T,NA,ENST00000512953.1,p.P37S,93:294,NA,NA,,NA,NA,,NA,0
TENM2,5,167631395,167631395,Missense_Mutation,other non-conserving,SNP,C,G,rs369152192,ENST00000518659.1,p.T1198S,NA,NA,NA,,NA,NA,1.654e-05,0,0
TLX3,5,170736435,170736435,Missense_Mutation,other non-conserving,SNP,G,T,NA,ENST00000296921.5,p.Q22H,18:14,NA,NA,,NA,NA,,NA,0
HK3,5,176317886,176317886,Missense_Mutation,other non-conserving,SNP,G,T,NA,ENST00000292432.5,p.N157K,57:94,NA,NA,,NA,NA,,NA,0
NSD1,5,176637230,176637230,Silent,silent,SNP,A,G,NA,ENST00000439151.2,p.Q610Q,258:70,NA,NA,,NA,NA,8.238e-06,NA,0
ZFP2,5,178358512,178358512,Missense_Mutation,other non-conserving,SNP,C,A,NA,ENST00000361362.2,p.S66R,45:246,NA,NA,,NA,NA,,NA,0
MAML1,5,179192410,179192410,Silent,silent,SNP,C,A,NA,ENST00000292599.3,p.L133L,104:505,NA,NA,,NA,NA,,NA,0
RIPK1,6,3111046,3111046,Missense_Mutation,other non-conserving,SNP,T,G,NA,ENST00000259808.4,p.I529R,116:121,NA,NA,,NA,NA,,NA,0
FAM217A,6,4074683,4074683,Frame_Shift_Del,damaging,DEL,A,-,rs561921594,ENST00000274673.3,p.I51fs,53:67,NA,NA,,NA,NA,,NA,0
GCM2,6,10877425,10877425,Silent,silent,SNP,G,T,NA,ENST00000379491.4,p.S97S,61:66,NA,NA,,NA,NA,,NA,0
H2BC17,6,27861607,27861607,Missense_Mutation,other non-conserving,SNP,A,T,NA,ENST00000303806.4,p.T123S,NA,NA,NA,,NA,NA,,0,0
OR12D2,6,29365197,29365197,Frame_Shift_Del,damaging,DEL,G,-,rs527311789,ENST00000383555.2,p.A241fs,113:143,NA,NA,,NA,NA,,NA,0
GABBR1,6,29581122,29581122,Silent,silent,SNP,G,A,NA,ENST00000377034.4,p.G488G,37:80,NA,NA,,NA,NA,2.539e-05,NA,0
TNXB,6,32036898,32036898,Missense_Mutation,other non-conserving,SNP,G,A,NA,ENST00000375244.3,p.T1868M,39:28,NA,NA,,NA,NA,,NA,0
ITPR3,6,33657903,33657903,Silent,silent,SNP,C,T,rs145744947,ENST00000374316.5,p.F2320F,35:83,NA,NA,,NA,NA,8.236e-06,NA,0
FANCE,6,35425719,35425719,Silent,silent,SNP,C,T,NA,ENST00000229769.2,p.P309P,114:81,NA,NA,,NA,NA,,NA,0
RPL10A,6,35436604,35436604,Frame_Shift_Del,damaging,DEL,G,-,NA,ENST00000322203.6,p.E12fs,NA,NA,NA,,NA,NA,,0,0
LRFN2,6,40360282,40360282,Silent,silent,SNP,T,G,NA,ENST00000338305.6,p.A590A,18:49,NA,NA,,NA,NA,,NA,0
LRFN2,6,40360300,40360300,Silent,silent,SNP,T,G,NA,ENST00000338305.6,p.P584P,11:69,NA,NA,,NA,NA,,NA,0
TRERF1,6,42231238,42231239,In_Frame_Ins,other non-conserving,INS,-,GGCGGA,rs377404285|rs566959555,ENST00000372922.4,p.568_568P>PPP,18:19,NA,NA,,NA,NA,,NA,1
TRERF1,6,42236669,42236669,Silent,silent,SNP,A,G,NA,ENST00000372922.4,p.A220A,133:53,NA,NA,,NA,NA,,NA,0
ABCC10,6,43414078,43414078,Silent,silent,SNP,C,T,NA,ENST00000372530.4,p.A1146A,67:174,NA,NA,,NA,NA,,NA,0
PGK2,6,49754634,49754634,Silent,silent,SNP,C,A,NA,ENST00000304801.3,p.L89L,330:130,NA,NA,,NA,NA,,NA,0
TFAP2D,6,50696590,50696590,Missense_Mutation,other non-conserving,SNP,C,A,NA,ENST00000008391.3,p.P207H,202:52,NA,NA,,NA,NA,,NA,0
KLHL31,6,53519807,53519807,Silent,silent,SNP,C,T,rs367768361,ENST00000407079.1,p.K88K,68:2,NA,NA,,NA,NA,2.471e-05,NA,0
FAM135A,6,71234332,71234332,Silent,silent,SNP,G,A,NA,ENST00000418814.2,p.K515K,NA,NA,NA,,NA,NA,3.434e-05,0,0
FAM135A,6,71235848,71235848,Silent,silent,SNP,C,T,rs200932918,ENST00000505769.1,p.L601L,45:76,NA,NA,,NA,NA,8.237e-06,NA,0
TENT5A,6,82459718,82459718,Missense_Mutation,other non-conserving,SNP,C,A,NA,ENST00000320172.6,p.Q341H,49:82,NA,NA,,NA,NA,,NA,0
GJB7,6,87994209,87994213,Frame_Shift_Del,damaging,DEL,AAAAC,-,rs568580095|rs373942790,ENST00000525899.1,p.VL140fs,94:66,NA,NA,,NA,NA,,NA,0
FAXC,6,99729311,99729311,Missense_Mutation,other non-conserving,SNP,G,A,NA,ENST00000389677.5,p.A320V,61:147,NA,NA,,NA,NA,,NA,0
VGLL2,6,117589414,117589414,Missense_Mutation,other non-conserving,SNP,G,A,NA,ENST00000326274.5,p.G51S,570:299,NA,NA,,NA,NA,2.472e-05,NA,0
GOPC,6,117896490,117896490,Missense_Mutation,other non-conserving,SNP,T,A,rs375447401,ENST00000052569.6,p.K159I,92:45,NA,NA,,NA,NA,,NA,0
MCM9,6,119238847,119238847,Missense_Mutation,other non-conserving,SNP,T,C,NA,ENST00000316316.6,p.I261M,107:214,NA,NA,,NA,NA,,NA,0
BCLAF1,6,136599296,136599296,Silent,silent,SNP,A,T,NA,ENST00000531224.1,p.S241S,NA,NA,NA,,NA,NA,,0,0
SLC35D3,6,137245517,137245517,Missense_Mutation,other non-conserving,SNP,G,A,rs137955038,ENST00000331858.4,p.E312K,36:84,NA,NA,,NA,NA,4.942e-05,NA,0
ADGRG6,6,142764561,142764561,Missense_Mutation,other non-conserving,SNP,A,T,rs371988748,ENST00000367609.3,p.D1221V,635:334,NA,NA,,NA,NA,4.965e-05,NA,0
PLEKHG1,6,151125799,151125799,Silent,silent,SNP,T,C,rs377159661,ENST00000358517.2,p.D278D,45:138,NA,NA,,NA,NA,1.647e-05,NA,0
PLEKHG1,6,151152918,151152918,Missense_Mutation,other non-conserving,SNP,C,A,NA,ENST00000358517.2,p.L891M,95:213,NA,NA,,NA,NA,,NA,0
AKAP12,6,151672140,151672140,Missense_Mutation,other non-conserving,SNP,C,A,NA,ENST00000253332.1,p.P872T,227:107,NA,NA,,NA,NA,,NA,0
SYNJ2,6,158509739,158509739,Missense_Mutation,other non-conserving,SNP,G,A,NA,ENST00000355585.4,p.G1131S,93:200,NA,NA,,NA,NA,1.647e-05,NA,0
RSPH3,6,159398823,159398823,Missense_Mutation,other non-conserving,SNP,G,A,rs367790514,ENST00000367069.2,p.T335I,180:148,NA,NA,,NA,NA,3.295e-05,NA,1
THBS2,6,169648722,169648722,Silent,silent,SNP,G,T,NA,ENST00000366787.3,p.T133T,27:67,NA,NA,,NA,NA,,NA,0
AMZ1,7,2752123,2752123,Missense_Mutation,other non-conserving,SNP,C,T,NA,ENST00000312371.4,p.P370S,12:48,NA,NA,,NA,NA,,NA,0
SDK1,7,4152962,4152962,Missense_Mutation,other non-conserving,SNP,A,G,rs147777906,ENST00000389531.3,p.Y1159C,344:497,NA,NA,,NA,NA,4.118e-05,NA,0
SDK1,7,4245575,4245575,Silent,silent,SNP,G,A,rs145639450,ENST00000404826.2,p.T1721T,NA,NA,NA,,NA,NA,1.701e-05,0,0
FERD3L,7,19184952,19184952,Missense_Mutation,other non-conserving,SNP,T,A,NA,ENST00000275461.3,p.T12S,46:73,NA,NA,,NA,NA,,NA,0
HNRNPA2B1,7,26236022,26236022,Splice_Site,damaging,SNP,A,G,rs370050080,ENST00000356674.7,p.S219S,231:1,NA,NA,,NA,NA,4.942e-05,NA,0
SNX10,7,26412159,26412167,In_Frame_Del,other non-conserving,DEL,ATGTAAAGT,-,NA,ENST00000338523.4,p.CKV192del,84:703,NA,NA,,NA,NA,,NA,0
HOXA2,7,27141929,27141929,Missense_Mutation,other non-conserving,SNP,T,G,NA,ENST00000222718.5,p.H64P,25:167,NA,NA,,NA,NA,,NA,0
ZNF107,7,64169016,64169017,In_Frame_Ins,other non-conserving,INS,-,GAA,rs374463603|rs375319415|rs199594424,ENST00000395391.1,p.779_779E>EE,130:0,NA,NA,,NA,NA,,NA,0
ABHD11,7,73151578,73151578,Silent,silent,SNP,C,T,rs369931991,ENST00000437775.2,p.A195A,92:96,NA,NA,,NA,NA,4.118e-05,NA,0
MDH2,7,75694189,75694189,Missense_Mutation,other non-conserving,SNP,G,A,NA,ENST00000443006.1,p.G161E,98:97,NA,NA,,NA,NA,,NA,0
CACNA2D1,7,81626549,81626549,Silent,silent,SNP,C,T,rs369435463,ENST00000356860.3,p.E536E,205:204,NA,NA,,NA,NA,2.471e-05,NA,0
PPP1R9A,7,94898761,94898761,Silent,silent,SNP,T,C,rs368331955,ENST00000433360.1,p.D1022D,377:420,NA,NA,,NA,NA,1.687e-05,NA,0
MUC17,7,100676878,100676878,Silent,silent,SNP,C,A,rs71557219,ENST00000306151.4,p.S727S,203:636,NA,NA,,NA,NA,,NA,0
MOGAT3,7,100841925,100841925,Missense_Mutation,other non-conserving,SNP,C,A,rs139340331,ENST00000223114.4,p.D159Y,NA,NA,NA,,NA,NA,0.0001153,3,0
CUX1,7,101845082,101845082,Silent,silent,SNP,C,T,NA,ENST00000292535.7,p.A835A,NA,NA,NA,,NA,NA,8.24e-06,0,0
RELN,7,103136239,103136241,In_Frame_Del,other non-conserving,DEL,CTT,-,NA,ENST00000428762.1,p.K3100del,170:183,NA,NA,,NA,NA,,NA,0
CDHR3,7,105653451,105653451,Missense_Mutation,other non-conserving,SNP,G,C,NA,ENST00000317716.9,p.D400H,251:304,NA,NA,,NA,NA,,NA,0
MET,7,116339419,116339419,Missense_Mutation,other non-conserving,SNP,A,G,rs368328347,ENST00000318493.6,p.D94G,198:209,NA,NA,,NA,NA,8.272e-06,NA,0
FEZF1,7,121942159,121942159,Missense_Mutation,other non-conserving,SNP,T,G,rs376604567,ENST00000442488.2,p.E440D,21:157,NA,NA,,NA,NA,,NA,0
TAS2R16,7,122635143,122635143,Silent,silent,SNP,T,A,NA,ENST00000249284.2,p.T182T,177:197,NA,NA,,NA,NA,,NA,0
FLNC,7,128484102,128484102,Missense_Mutation,other non-conserving,SNP,G,A,NA,ENST00000325888.8,p.G992R,50:52,NA,NA,,NA,NA,1.651e-05,NA,0
ZC3HAV1,7,138764673,138764673,Silent,silent,SNP,G,A,rs369685299,ENST00000242351.5,p.D338D,145:145,NA,NA,,NA,NA,3.295e-05,NA,0
DENND2A,7,140301770,140301770,Missense_Mutation,other non-conserving,SNP,C,T,NA,ENST00000275884.6,p.R143Q,177:213,NA,NA,,NA,NA,1.653e-05,NA,0
MGAM,7,141731582,141731582,Nonsense_Mutation,damaging,SNP,G,T,NA,ENST00000475668.2,p.G525*,86:727,NA,NA,,NA,NA,,NA,0
TRPV6,7,142572876,142572876,Silent,silent,SNP,C,A,NA,ENST00000359396.3,p.G388G,252:221,NA,NA,,NA,NA,,NA,0
OR6V1,7,142750269,142750269,Missense_Mutation,other non-conserving,SNP,G,C,NA,ENST00000418316.1,p.V278L,121:106,NA,NA,,NA,NA,,NA,0
ZNF862,7,149561356,149561357,Frame_Shift_Ins,damaging,INS,-,C,NA,ENST00000223210.4,p.A1165fs,NA,NA,NA,,NA,NA,,0,0
NOS3,7,150696283,150696283,Missense_Mutation,other non-conserving,SNP,A,G,NA,ENST00000484524.1,p.E321G,141:152,NA,NA,,NA,NA,,NA,0
CNPY1,7,155301698,155301698,Missense_Mutation,other non-conserving,SNP,G,A,rs192432169,ENST00000321736.5,p.T12M,90:296,NA,NA,,NA,NA,8.279e-05,3,1
ANGPT2,8,6377489,6377489,Missense_Mutation,other non-conserving,SNP,C,G,NA,ENST00000325203.5,p.E276Q,NA,NA,NA,,NA,NA,,0,0
RP1L1,8,10465435,10465435,Missense_Mutation,other non-conserving,SNP,G,A,rs374789384,ENST00000382483.3,p.P2058L,152:91,NA,NA,,NA,NA,,NA,0
CTSB,8,11705637,11705637,Silent,silent,SNP,T,C,rs376137412,ENST00000353047.6,p.E157E,135:353,NA,NA,,NA,NA,4.118e-05,NA,0
NAT1,8,18079897,18079897,Missense_Mutation,other non-conserving,SNP,T,C,rs145975713,ENST00000517492.1,p.I114T,334:0,NA,NA,,NA,NA,2.471e-05,NA,0
CSGALNACT1,8,19363264,19363264,Missense_Mutation,other non-conserving,SNP,C,G,rs140433683,ENST00000454498.2,p.V28L,103:0,NA,NA,,NA,NA,2.471e-05,NA,0
NEFM,8,24771442,24771442,Missense_Mutation,other non-conserving,SNP,A,C,NA,ENST00000221166.5,p.S46R,6:35,NA,NA,,NA,NA,,NA,0
DUSP4,8,29197738,29197738,Silent,silent,SNP,G,A,rs375594574,ENST00000240101.2,p.S61S,60:0,NA,NA,,NA,NA,8.237e-06,NA,0
PURG,8,30889930,30889930,Silent,silent,SNP,G,T,NA,ENST00000475541.1,p.I123I,215:0,NA,NA,,NA,NA,,NA,0
SOX17,8,55372432,55372432,Silent,silent,SNP,G,A,NA,ENST00000297316.4,p.E374E,43:38,NA,NA,,NA,NA,8.237e-06,NA,0
CYP7A1,8,59409322,59409322,Missense_Mutation,other non-conserving,SNP,C,A,rs150039957,ENST00000301645.3,p.R250M,298:353,NA,NA,,NA,NA,1.647e-05,NA,0
CYP7B1,8,65509321,65509321,Silent,silent,SNP,A,G,NA,ENST00000310193.3,p.L467L,140:130,NA,NA,,NA,NA,,NA,0
CSPP1,8,68105761,68105763,In_Frame_Del,other non-conserving,DEL,TGT,-,rs577867377,ENST00000262210.5,p.V1127del,402:119,NA,NA,,NA,NA,,NA,0
RDH10,8,74235204,74235204,Missense_Mutation,other non-conserving,SNP,G,C,NA,ENST00000240285.5,p.C320S,31:241,NA,NA,,NA,NA,,NA,0
PSKH2,8,87076311,87076311,Missense_Mutation,other non-conserving,SNP,C,G,rs374743108,ENST00000276616.2,p.M245I,291:141,NA,NA,,NA,NA,8.236e-06,NA,0
DPYS,8,105393480,105393480,Frame_Shift_Del,damaging,DEL,G,-,rs147965145|rs79080341,ENST00000351513.2,p.S502fs,115:0,NA,NA,,NA,NA,,NA,0
GPR20,8,142367127,142367127,Silent,silent,SNP,G,A,rs138344493,ENST00000377741.3,p.F299F,41:68,NA,NA,,NA,NA,8.238e-05,3,0
MPDZ,9,13109049,13109049,Missense_Mutation,other non-conserving,SNP,T,G,NA,ENST00000541718.1,p.Q1955H,86:1,NA,NA,,NA,NA,2.523e-05,NA,0
CNTLN,9,17366647,17366647,Missense_Mutation,other non-conserving,SNP,A,T,NA,ENST00000380647.3,p.K640I,104:1,NA,NA,,NA,NA,,NA,0
PLIN2,9,19116273,19116273,Silent,silent,SNP,G,A,NA,ENST00000276914.2,p.T429T,65:3,NA,NA,,NA,NA,,NA,0
DNAJA1,9,33038749,33038749,Missense_Mutation,other non-conserving,SNP,G,A,NA,ENST00000330899.4,p.E348K,335:0,NA,NA,,NA,NA,,NA,0
SIT1,9,35650001,35650001,Silent,silent,SNP,G,A,rs138376414,ENST00000259608.3,p.P145P,NA,NA,NA,,NA,NA,3.305e-05,0,0
TRMT10B,9,37768094,37768094,Nonsense_Mutation,damaging,SNP,C,T,NA,ENST00000297994.3,p.Q148*,224:0,NA,NA,,NA,NA,,NA,0
TRPM3,9,73150994,73150994,Missense_Mutation,other non-conserving,SNP,C,A,NA,ENST00000377110.3,p.A1667S,NA,NA,NA,,NA,NA,,0,0
SPATA31E1,9,90500281,90500281,Silent,silent,SNP,C,A,NA,ENST00000325643.5,p.I293I,27:0,NA,NA,,NA,NA,,NA,0
ERCC6L2,9,98669439,98669439,Missense_Mutation,other non-conserving,SNP,C,T,NA,ENST00000288985.7,p.T236I,45:323,NA,NA,,NA,NA,,NA,1
COL15A1,9,101763192,101763192,Missense_Mutation,other non-conserving,SNP,G,A,rs137949756,ENST00000375001.3,p.G342S,61:71,NA,NA,,NA,NA,9.884e-05,NA,1
ALDOB,9,104189915,104189915,Missense_Mutation,other non-conserving,SNP,C,A,rs199981226,ENST00000374855.4,p.G130V,106:121,NA,NA,,NA,NA,,NA,0
ECPAS,9,114204648,114204648,Silent,silent,SNP,T,C,rs371929746,ENST00000338205.5,p.Q109Q,NA,NA,NA,,NA,NA,3.311e-05,0,0
TNC,9,117840288,117840288,Missense_Mutation,other non-conserving,SNP,C,T,NA,ENST00000341037.4,p.E870K,109:130,NA,NA,,NA,NA,1.647e-05,NA,0
TLR4,9,120470844,120470844,Missense_Mutation,other non-conserving,SNP,G,C,rs200405562,ENST00000355622.6,p.V33L,154:190,NA,NA,,NA,NA,,NA,0
SPTAN1,9,131346632,131346632,Silent,silent,SNP,C,T,NA,ENST00000372731.4,p.I755I,107:132,NA,NA,,NA,NA,,NA,0
SARDH,9,136597587,136597587,Silent,silent,SNP,C,T,NA,ENST00000371872.4,p.A156A,100:251,NA,NA,,NA,NA,1.647e-05,NA,0
MAMDC4,9,139749753,139749753,Missense_Mutation,other non-conserving,SNP,C,A,NA,ENST00000317446.2,p.D415E,41:59,NA,NA,,NA,NA,8.262e-06,NA,0
ABCA2,9,139903032,139903032,Nonsense_Mutation,damaging,SNP,G,A,NA,ENST00000341511.6,p.Q2371*,5:17,NA,NA,,NA,NA,,NA,0
ABCA2,9,139907260,139907260,Missense_Mutation,other non-conserving,SNP,T,G,NA,ENST00000341511.6,p.Q1662P,9:50,NA,NA,,NA,NA,,NA,0
VEGFD,X,15365460,15365460,Missense_Mutation,other non-conserving,SNP,G,C,NA,ENST00000297904.3,p.P255R,165:1,NA,NA,,NA,NA,,NA,0
YY2,X,21874614,21874614,Silent,silent,SNP,C,T,NA,ENST00000429584.2,p.N4N,107:138,NA,NA,,NA,NA,,NA,0
TENM1,X,123519664,123519664,Missense_Mutation,other non-conserving,SNP,G,A,NA,ENST00000371130.3,p.T1973I,355:1,NA,NA,,NA,NA,,NA,0
SPANXD,X,140785800,140785800,Missense_Mutation,other non-conserving,SNP,G,C,rs145377089,ENST00000370515.3,p.P39R,439:466,NA,NA,,NA,NA,2.497e-05,NA,2
ZNF275,X,152612330,152612330,Nonsense_Mutation,damaging,SNP,G,T,NA,ENST00000370249.2,p.E10*,171:0,NA,NA,,NA,NA,,NA,0
